{"valueType":"nodes","values":[{"_typeName":"User","id":"cjltp42cdn3pm0b12eq5hrqip","name":"Sarthak Arora","updatedAt":"2018-09-08T17:20:46.048Z","email":"em.sarthak@gmail.com","tPass":"1536","createdAt":"2018-09-08T17:20:46.048Z","phone":"9910810145"},{"_typeName":"User","id":"cjltpvzsen8n80b12qfnlttno","name":"Kunal sareen","updatedAt":"2018-09-08T17:42:29.105Z","email":"sareen.kunal1@gmail.com","tPass":"3185","createdAt":"2018-09-08T17:42:29.105Z","phone":"7838682350"},{"_typeName":"Class","id":"cjlgrkzcw3wxe0b45aseavfvr","name":"Class I to V","updatedAt":"2018-08-31T05:33:17.835Z","createdAt":"2018-08-30T16:08:54.276Z"},{"_typeName":"Class","id":"cjlgrl3lm3wxo0b457xlbwxpb","name":"Class VI to VIII","updatedAt":"2018-08-31T05:33:41.507Z","createdAt":"2018-08-30T16:08:59.774Z"},{"_typeName":"Class","id":"cjlgshqvq40ee0b45vg1l8eg7","name":"Class IX","updatedAt":"2018-08-31T05:34:24.505Z","createdAt":"2018-08-30T16:34:22.937Z"},{"_typeName":"Class","id":"cjlhjpkto5upf0b45l95pmvtw","name":"Class X","updatedAt":"2018-08-31T05:34:34.520Z","createdAt":"2018-08-31T05:16:17.968Z"},{"_typeName":"Class","id":"cjlhjpt505upt0b45mlyzo17l","name":"Class XI","updatedAt":"2018-08-31T05:34:46.265Z","createdAt":"2018-08-31T05:16:28.744Z"},{"_typeName":"Class","id":"cjlhjpyk35uq50b45455w5uw8","name":"Class XII","updatedAt":"2018-08-31T05:35:32.696Z","createdAt":"2018-08-31T05:16:35.766Z"},{"_typeName":"Profession","id":"cjlaq4pzpf6040b46fgcq8lx7","name":"Student","updatedAt":"2018-08-26T10:41:38.968Z","createdAt":"2018-08-26T10:41:38.968Z"},{"_typeName":"Profession","id":"cjlhkfgsl5wih0b45cnpsrsii","name":"School Teacher","updatedAt":"2018-08-31T05:36:25.800Z","createdAt":"2018-08-31T05:36:25.800Z"},{"_typeName":"Profession","id":"cjlhkgy895wli0b45pdfb2tdz","name":"Professional Tutor","updatedAt":"2018-08-31T05:37:35.053Z","createdAt":"2018-08-31T05:37:35.053Z"},{"_typeName":"Profession","id":"cjlhki5ds5wou0b45iviei26z","name":"Corporate Professional","updatedAt":"2018-08-31T05:38:30.980Z","createdAt":"2018-08-31T05:38:30.980Z"},{"_typeName":"Profession","id":"cjlhkj2205wtf0b45etj8ktxf","name":"Other","updatedAt":"2018-08-31T05:39:58.667Z","createdAt":"2018-08-31T05:39:13.324Z"}]}